Date,Temperature,Humidity,windspeed,count,all_workdays,class
07/07/2016,21.55958333,70.04166667,2.291666667,184,1,Train
07/08/2016,22.31041667,74.08333333,2.666666667,339,1,Train
07/09/2016,22.95125,75.45833333,2.25,409,0,Train
07/10/2016,23.3225,74.41666667,2.708333333,333,0,Train
07/11/2016,22.69666667,68.41666667,2.5,344,1,Train
07/12/2016,22.59608333,67.95833333,2.5,522,1,Train
07/13/2016,23.650625,70.66666667,2.25,516,1,Train
07/14/2016,22.03883333,59.41666667,0.916666667,558,1,Train
07/15/2016,22.2965,53.58333333,0.541666667,480,1,Train
07/16/2016,21.715125,56.75,0.625,408,0,Train
07/17/2016,21.24283333,56.20833333,0.5,351,0,Train
07/18/2016,22.76058333,45.83333333,0.5,420,1,Train
07/19/2016,31.938,24,1,488,1,Train
07/20/2016,31.914625,26.04166667,1,473,1,Train
07/21/2016,26.99891667,53.45833333,1.166666667,528,1,Train
07/22/2016,28.37458333,54.45833333,2.166666667,461,1,Train
07/23/2016,28.8475,55.83333333,1.75,329,0,Train
07/24/2016,26.45875,69,1.791666667,344,0,Train
07/25/2016,26.815,71.04166667,2,525,1,Train
07/26/2016,27.24666667,74.79166667,3.041666667,467,1,Train
07/27/2016,27.51875,69.58333333,2.458333333,530,1,Train
07/28/2016,27.16458333,71.41666667,2.416666667,539,1,Train
07/29/2016,27.10125,69.75,2.333333333,596,1,Train
07/30/2016,26.04041667,69.75,1.875,503,0,Train
07/31/2016,25.56708333,73.08333333,2.291666667,545,0,Train
08/01/2016,24.8525,75.20833333,2.375,620,1,Train
08/02/2016,24.2675,71.29166667,1.916666667,754,1,Train
08/03/2016,24.91666667,64.45833333,1.75,739,1,Train
08/04/2016,24.45,62.16666667,0.875,837,1,Train
08/05/2016,23.87458333,65.20833333,0.75,852,1,Train
08/06/2016,23.32583333,69.70833333,0.625,774,0,Train
08/07/2016,23.355,70.33333333,0.625,858,0,Train
08/08/2016,23.18166667,67.83333333,0.75,699,1,Train
08/09/2016,20.95795833,65.58333333,0.75,740,1,Train
08/10/2016,22.44170833,66.25,0.375,809,1,Train
08/11/2016,22.87583333,67.70833333,0.583333333,934,1,Train
08/12/2016,23.75708333,71.91666667,0.541666667,821,1,Train
08/13/2016,25.43666667,65.58333333,0.583333333,835,0,Train
08/14/2016,27.28708333,62,0.666666667,1014,0,Train
08/15/2016,28.29791667,49.375,0.458333333,642,1,Train
08/16/2016,26.82541667,36.5,0.5,733,1,Train
08/17/2016,25.57291667,42.91666667,0.541666667,722,1,Train
08/18/2016,24.9,45.83333333,0.625,721,1,Train
08/19/2016,24.08291667,63.125,0.541666667,770,1,Train
08/20/2016,22.88416667,70.08333333,1.458333333,787,0,Train
08/21/2016,23.19458333,74.91666667,2.416666667,778,0,Train
08/22/2016,23.54916667,73.875,2.333333333,721,1,Train
08/23/2016,23.25291667,74.625,2.041666667,867,1,Train
08/24/2016,23.6275,70.375,2.041666667,754,1,Train
08/25/2016,22.55916667,73.08333333,1.791666667,823,1,Train
08/26/2016,21.0625,70.45833333,2.166666667,837,1,Train
08/27/2016,20.38125,70.83333333,2.125,728,0,Train
08/28/2016,22.37291667,74.79166667,2.458333333,603,0,Train
08/29/2016,24.4775,70.04166667,2.125,616,1,Train
08/30/2016,25.79166667,70.83333333,2.083333333,701,1,Train
08/31/2016,25.5825,78.25,2.083333333,705,1,Train
09/01/2016,24.0026875,73.20833333,1.833333333,762,1,Train
09/02/2016,22.37125,73.375,1.791666667,819,1,Train
09/03/2016,21.04125,68.625,2.625,699,0,Train
09/04/2016,20.01458333,71.79166667,2,581,0,Train
09/05/2016,19.74291667,68,2.208333333,641,0,Train
09/06/2016,20.54625,74.75,1.916666667,657,1,Train
09/07/2016,21.55083333,81.95833333,1.875,664,1,Train
09/08/2016,21.65583333,70.625,2.291666667,684,1,Train
09/09/2016,21.74625,77.20833333,3.125,745,1,Train
09/10/2016,22.58083333,80.54166667,2.375,638,0,Train
09/11/2016,22.43416667,80.29166667,2.125,559,0,Train
09/12/2016,20.06666667,76.70833333,2.25,626,1,Train
09/13/2016,18.42208333,72.375,2.875,681,1,Train
09/14/2016,17.42416667,66.33333333,1.916666667,697,1,Train
09/15/2016,19.2775,68.83333333,1.708333333,747,1,Train
09/16/2016,20.12166667,73.25,1.75,766,1,Train
09/17/2016,21.19083333,76.79166667,1.75,775,0,Train
09/18/2016,23.33958333,80.08333333,1.291666667,612,0,Train
09/19/2016,25.79791667,56.79166667,1.333333333,573,1,Train
09/20/2016,24.97458333,43.41666667,0.75,620,1,Train
09/21/2016,23.90602083,52.70833333,0.875,594,1,Train
09/22/2016,20.94479167,60.54166667,1.125,714,1,Train
09/23/2016,19.23916667,46.08333333,2.791666667,681,1,Train
09/24/2016,21.68625,42.45833333,0.375,570,0,Train
09/25/2016,25.17647917,26.83333333,0.833333333,521,0,Train
09/26/2016,28.54516667,23.125,1,513,1,Train
09/27/2016,27.78375,26.95833333,0.625,568,1,Train
09/28/2016,25.57708333,42.75,0.416666667,580,1,Train
09/29/2016,25.47916667,45.875,0.666666667,634,1,Train
09/30/2016,24.75208333,48.91666667,0.625,687,1,Train
10/01/2016,22.4675,47,0.666666667,566,0,Train
10/02/2016,19.42666667,55.875,0.375,479,0,Train
10/03/2016,17.45125,58.04166667,0.541666667,594,1,Train
10/04/2016,17.82083333,65.375,0.5,608,1,Train
10/05/2016,15.22004167,67.66666667,0.5,657,1,Train
10/06/2016,12.55041667,52.95833333,0.25,631,1,Train
10/07/2016,16.02941667,34.20833333,0.5,725,1,Train
10/08/2016,17.9935625,29.20833333,0.833333333,526,0,Train
10/09/2016,19.492125,30.54166667,0.791666667,523,0,Train
10/10/2016,18.87408333,43.91666667,0.458333333,525,0,Train
10/11/2016,16.21591667,61.54166667,0.333333333,504,1,Train
10/12/2016,14.02804167,70.375,0.375,551,1,Train
10/13/2016,14.30008333,70.95833333,0.541666667,621,1,Train
10/14/2016,14.71735417,69.41666667,0.333333333,573,1,Train
10/15/2016,14.4364375,74.625,0.333333333,448,0,Train
10/16/2016,16.17924219,82.95833333,0.375,1439,0,Train
10/17/2016,15.08075,88.875,0.416666667,389,1,Train
10/18/2016,13.96225,76.41666667,0.291666667,538,1,Train
10/19/2016,13.2184375,60.54166667,0.583333333,562,1,Train
10/20/2016,16.49973958,32.95833333,0.791666667,565,1,Train
10/21/2016,18.04891667,27.33333333,0.708333333,573,1,Train
10/22/2016,16.11375,40.20833333,0.333333333,467,0,Train
10/23/2016,15.42425,55.91666667,0.25,418,0,Train
10/24/2016,16.43475,78.25,0.75,460,1,Train
10/25/2016,14.83141667,77.375,0.5,515,1,Train
10/26/2016,16.07420833,68.45833333,0.5,523,1,Train
10/27/2016,17.57620833,62.08333333,0.75,555,1,Train
10/28/2016,17.507,71.29166667,0.25,574,1,Train
10/29/2016,14.92995833,78.91666667,0.375,522,0,Train
10/30/2016,15.21691667,89.33333333,0.375,314,0,Train
10/31/2016,12.10754167,88.04166667,0.375,495,0,Train
11/01/2016,11.888125,82.04166667,1.208333333,533,1,Train
11/02/2016,17.05875,73.25,1.625,607,1,Train
11/03/2016,20.82875,48.95833333,1.416666667,566,1,Train
11/04/2016,20.35333333,51.95833333,1.541666667,614,1,Train
11/05/2016,19.31166667,82.375,0.916666667,489,0,Train
11/06/2016,17.67125,88.20833333,1.291666667,497,0,Train
11/07/2016,17.79875,85.83333333,1.416666667,490,1,Train
11/08/2016,20.18625,74.29166667,1.125,528,1,Train
11/09/2016,23.87375,39.66666667,1.458333333,510,1,Train
11/10/2016,24.23625,25.91666667,1.583333333,579,1,Train
11/11/2016,22.2175,27.20833333,1.583333333,521,0,Train
11/12/2016,20.815,38.625,1.583333333,630,0,Train
11/13/2016,21.11416667,44.66666667,1.5,408,0,Train
11/14/2016,20.92083333,42.95833333,1.333333333,548,1,Train
11/15/2016,19.02083333,78.41666667,1.25,452,1,Train
11/16/2016,16.585,87.375,1.125,504,1,Train
11/17/2016,15.76958333,52.625,1.958333333,528,1,Train
11/18/2016,17.04875,34.625,1.375,525,1,Train
11/19/2016,15.27,35.83333333,1.333333333,489,0,Train
11/20/2016,15.17083333,84.5,0.916666667,199,0,Train
11/21/2016,14.69083333,88.20833333,2.166666667,422,1,Train
11/22/2016,14.73833333,71.41666667,1.458333333,471,1,Train
11/23/2016,14.595,72.45833333,1.25,428,1,Train
11/24/2016,15.57410417,37.91666667,1.208333333,237,0,Train
11/25/2016,16.2475,24.20833333,1.25,309,1,Train
11/26/2016,12.80791667,67.83333333,1.166666667,225,0,Train
11/27/2016,11.78416667,86.33333333,2.625,278,0,Train
11/28/2016,12.06833333,53.5,1.791666667,344,1,Train
11/29/2016,13.23083333,72.66666667,1.375,419,1,Train
11/30/2016,13.12708333,49,1.541666667,435,1,Train
12/01/2016,12.63125,58.45833333,1.208333333,449,1,Train
12/02/2016,13.41479167,49.29166667,2.125,405,1,Train
12/03/2016,13.50916667,22.41666667,2.833333333,368,0,Train
12/04/2016,13.21104167,46.91666667,1.291666667,342,0,Train
12/05/2016,13.74354167,74.79166667,0.958333333,340,1,Train
12/06/2016,13.88875,77.29166667,1.416666667,416,1,Train
12/07/2016,12.54604167,74.79166667,1.166666667,423,1,Train
12/08/2016,12.64833333,68.33333333,1.583333333,467,1,Train
12/09/2016,13.600625,78.54166667,1.833333333,430,1,Train
12/10/2016,14.255,87.79166667,1.333333333,388,0,Train
12/11/2016,15.76916667,86.95833333,1.166666667,265,0,Train
12/12/2016,15.90458333,83.875,1.25,375,1,Train
12/13/2016,15.17333333,83.5,0.916666667,368,1,Train
12/14/2016,14.06291667,83.375,1.208333333,430,1,Train
12/15/2016,14.93916667,86.08333333,1.166666667,273,1,Train
12/16/2016,14.39,88.625,4.166666667,286,1,Train
12/17/2016,10.568125,44.54166667,2.791666667,323,0,Train
12/18/2016,9.296458333,45.95833333,1.166666667,235,0,Train
12/19/2016,12.375,28.66666667,1.416666667,367,1,Train
12/20/2016,14.45291667,15.54166667,1.208333333,355,1,Train
12/21/2016,16.47458333,31,1.5,265,1,Train
12/22/2016,13.68125,87.16666667,1.583333333,287,1,Train
12/23/2016,13.81916667,82.20833333,1.208333333,224,1,Train
12/24/2016,11.80958333,74.04166667,3.625,158,0,Train
12/25/2016,8.365,51.08333333,1.666666667,142,0,Train
12/26/2016,9.2275,55.41666667,1.166666667,218,1,Train
12/27/2016,12.14833333,43.45833333,1.666666667,360,1,Train
12/28/2016,14.42125,35.95833333,1.208333333,367,1,Train
12/29/2016,16.04583333,34.75,1.166666667,347,1,Train
12/30/2016,15.9325,59.70833333,1.791666667,220,1,Train
12/31/2016,13.26666667,90.16666667,2,155,0,Train
01/01/2017,9.000833333,83.54166667,1.541666667,267,0,Train
01/02/2017,11.05083333,73.625,1.5,251,1,Train
01/03/2017,10.50625,75.95833333,1,312,1,Train
01/04/2017,11.115,73.79166667,1.333333333,338,1,Train
01/05/2017,13.48041667,94.04166667,1.5,219,1,Train
01/06/2017,13.12458333,82.29166667,1.041666667,338,1,Train
01/07/2017,13.07666667,71.16666667,2.083333333,271,0,Train
01/08/2017,15.78875,52.58333333,1.25,411,0,Train
01/09/2017,15.40708333,70.54166667,1.458333333,288,1,Train
01/10/2017,12.58625,90.83333333,1.083333333,235,1,Train
01/11/2017,14.075,88.375,1.583333333,304,1,Train
01/12/2017,12.6425,89.375,1.875,165,1,Train
01/13/2017,11.26416667,87.04166667,0.958333333,323,1,Train
01/14/2017,12.72583333,74,2.25,308,0,Train
01/15/2017,13.41208333,71.41666667,1.666666667,252,0,Train
01/16/2017,13.1525,78.625,1.625,283,0,Train
01/17/2017,12.21458333,73.45833333,1.708333333,311,1,Train
01/18/2017,11.79,72.625,1.583333333,286,1,Train
01/19/2017,12.8625,80.04166667,2.833333333,306,1,Train
01/20/2017,11.96666667,87.75,2.583333333,164,1,Train
01/21/2017,11.18708333,68.58333333,4.5,732,0,Train
01/22/2017,11.23541667,79.875,3.5,59,0,Train
01/23/2017,11.30041667,86.125,3.25,192,1,Train
01/24/2017,6.474541667,81.625,1.333333333,292,1,Train
01/25/2017,4.318833333,77,1.333333333,313,1,Train
01/26/2017,9.384166667,61.95833333,1.416666667,398,1,Train
01/27/2017,12.22416667,47.125,2.5,366,1,Train
01/28/2017,12.93458333,42.75,1.666666667,563,0,Train
01/29/2017,14.56541667,36.04166667,1.416666667,416,0,Train
01/30/2017,17.03291667,32.79166667,1.208333333,356,1,Train
01/31/2017,15.76791667,42.16666667,1.333333333,417,1,Train
02/01/2017,13.37041667,66.33333333,1.25,397,1,Train
02/02/2017,13.22375,71.95833333,0.958333333,387,1,Train
02/03/2017,13.96708333,83,1.333333333,228,1,Train
02/04/2017,14.18291667,88.5,1.083333333,376,0,Train
02/05/2017,12.8825,84,1.333333333,262,0,Train
02/06/2017,12.68375,91.25,1.958333333,190,1,Train
02/07/2017,14.94333333,92.41666667,1.333333333,206,1,Train
02/08/2017,16.48333333,90.75,1.125,349,1,Train
02/09/2017,16.53583333,93.5,1.625,376,1,Train
02/10/2017,15.64791667,90.33333333,1.333333333,210,1,Train
02/11/2017,14.95916667,90.33333333,1.75,300,0,Train
02/12/2017,13.7275,75.75,1.666666667,319,0,Train
02/13/2017,16.43179167,54.5,1.5,387,1,Train
02/14/2017,13.55857552,47.79166667,0.291666667,426,0,Train
02/15/2017,11.99525,49.08333333,0.541666667,383,1,Train
02/16/2017,11.247375,64.5,0.375,384,1,Train
02/17/2017,11.019625,80.375,1.541666667,73,1,Train
02/18/2017,9.658875,95.95833333,1.5,320,0,Train
02/19/2017,7.320166667,88.54166667,0.625,263,0,Train
02/20/2017,10.12566667,97.33333333,0.208333333,243,0,Train
02/21/2017,11.7189362,91.45833333,0.625,331,1,Train
02/22/2017,14.26041667,79.83333333,2,417,1,Train
02/23/2017,11.68833333,44.29166667,3.416666667,377,1,Train
02/24/2017,10.1775,36.41666667,2.625,455,1,Train
02/25/2017,10.14375,60.75,1.541666667,332,0,Train
02/26/2017,10.94041667,72.41666667,2.083333333,258,0,Train
02/27/2017,11.17916667,70.45833333,1.541666667,381,1,Train
02/28/2017,11.62375,64,2.041666667,379,1,Train
03/01/2017,13.17208333,52.16666667,1.583333333,374,1,Train
03/02/2017,16.33416667,36.75,1.5,397,1,Train
03/03/2017,17.64083333,30.79166667,1.583333333,397,1,Train
03/04/2017,15.36,55.04166667,1.375,371,0,Train
03/05/2017,13.38125,77.875,1.916666667,307,0,Train
03/06/2017,10.84375,45.91666667,3.166666667,352,1,Train
03/07/2017,13.35375,44.41666667,1.875,407,1,Train
03/08/2017,17.11291667,47,1.708333333,453,1,Train
03/09/2017,18.83208333,53.20833333,1.625,452,1,Train
03/10/2017,18.84291667,55.5,1.458333333,519,1,Train
03/11/2017,18.18083333,65.45833333,1.5,423,0,Train
03/12/2017,17.41333333,81.5,1.25,412,0,Train
03/13/2017,18.17770833,85.45833333,1.583333333,417,1,Train
03/14/2017,18.22833333,82.75,1.208333333,488,1,Train
03/15/2017,19.45333333,80.04166667,1.791666667,495,1,Train
03/16/2017,18.39583333,75.45833333,1.791666667,458,1,Train
03/17/2017,17.42541667,83.20833333,1.791666667,468,1,Train
03/18/2017,17.00333333,81.625,1.5,371,0,Train
03/19/2017,17.15125,81.66666667,2.083333333,427,0,Train
03/20/2017,15.98375,73.45833333,2.041666667,399,1,Train
03/21/2017,15.39375,77.20833333,2.166666667,275,1,Train
03/22/2017,15.25833333,84.20833333,1.833333333,434,1,Train
03/23/2017,14.53541667,58.83333333,3.708333333,439,1,Train
03/24/2017,14.42541667,68.45833333,2.666666667,486,1,Train
03/25/2017,15.2825,74.66666667,2.875,400,0,Train
03/26/2017,14.90608696,77.56521739,1.956521739,478,0,Train
03/27/2017,15.52791667,70.54166667,3.208333333,360,1,Train
03/28/2017,16.96375,40.70833333,4.083333333,463,1,Train
03/29/2017,18.60125,58.45833333,1.458333333,493,1,Train
03/30/2017,18.37291667,66.20833333,2.208333333,467,1,Train
03/31/2017,16.59041667,33.04166667,4.041666667,501,1,Train
04/01/2017,15.46333333,52.125,2.375,409,0,Train
04/02/2017,17.34458333,66.625,1.75,443,0,Train
04/03/2017,15.58583333,78.45833333,2.041666667,395,1,Train
04/04/2017,16.15958333,72.375,1.666666667,411,1,Train
04/05/2017,18.7275,71.5,2.041666667,473,1,Train
04/06/2017,18.25645833,77.20833333,1.708333333,508,1,Train
04/07/2017,16.65708333,77,2.458333333,492,1,Train
04/08/2017,15.94958333,75.95833333,2.875,375,0,Train
04/09/2017,14.49958333,58.54166667,2.75,350,0,Train
04/10/2017,16.21916667,56.66666667,2,423,1,Train
04/11/2017,16.75291667,54.29166667,1.958333333,402,1,Train
04/12/2017,16.72041667,70.20833333,3,515,1,Train
04/13/2017,15.49208333,75.625,2.583333333,461,1,Train
04/14/2017,15.07416667,63.41666667,3,516,0,Train
04/15/2017,16.26166667,56.16666667,2.5,470,0,Train
04/16/2017,17.695,61.25,1.75,295,0,Train
04/17/2017,17.2775,62.75,2.25,408,1,Train
04/18/2017,18.32083333,83.45833333,2.666666667,451,1,Train
04/19/2017,18.18125,82.125,2.833333333,419,1,Train
04/20/2017,18.25083333,69,2.458333333,488,1,Train
04/21/2017,20.35,56.375,2.041666667,477,1,Train
04/22/2017,22.97541667,50.875,2.041666667,631,0,Train
04/23/2017,20.62625,63.875,2.583333333,359,0,Train
04/24/2017,17.66166667,68.375,2.083333333,374,1,Train
04/25/2017,17.71583333,55.29166667,3.291666667,416,1,Train
04/26/2017,19.00125,57.875,3.333333333,438,1,Train
04/27/2017,18.32583333,72.625,2.625,434,1,Train
04/28/2017,21.38541667,25.95833333,4.583333333,534,1,Train
04/29/2017,22.93916667,14.58333333,3.333333333,477,0,Train
04/30/2017,20.71958333,35,2.583333333,440,0,Train
05/01/2017,20.61291667,55.95833333,1.958333333,461,1,Train
05/02/2017,21.08333333,66.66666667,1.791666667,475,1,Train
05/03/2017,21.35,67.08333333,2.375,518,1,Train
05/04/2017,21.43708333,77.95833333,2.458333333,512,1,Train
05/05/2017,18.03666667,81.04166667,2,625,1,Train
05/06/2017,16.56791667,73.66666667,2.708333333,419,0,Train
05/07/2017,12.95333333,67.79166667,4.625,304,0,Train
05/08/2017,13.69583333,73.625,1.708333333,496,1,Train
05/09/2017,16.72666667,72.95833333,2.625,531,1,Train
05/10/2017,16.845,71.45833333,2.25,604,1,Train
05/11/2017,17.75833333,72.75,2.625,679,1,Train
05/12/2017,17.53875,76.875,2.208333333,685,1,Train
05/13/2017,17.57416667,62.95833333,3.083333333,514,0,Train
05/14/2017,16.97041667,63.33333333,2.458333333,424,0,Train
05/15/2017,15.46125,66.33333333,2.916666667,556,1,Train
05/16/2017,15.08208333,64.25,3.166666667,641,1,Train
05/17/2017,15.57208333,67.375,2.25,599,1,Train
05/18/2017,16.59875,70.25,2.541666667,748,1,Train
05/19/2017,20.12208333,63.375,1.916666667,737,1,Train
05/20/2017,23.01291667,43.91666667,2.625,595,0,Train
05/21/2017,23.63916667,57.83333333,2.166666667,589,0,Train
05/22/2017,21.43,74.875,2.291666667,639,1,Train
05/23/2017,21.17166667,79.41666667,2.458333333,708,1,Train
05/24/2017,19.57125,78.33333333,2.708333333,772,1,Train
05/25/2017,17.15583333,70.33333333,2.75,717,1,Train
05/26/2017,17.61041667,65.95833333,2.875,826,1,Train
05/27/2017,17.53791667,67.41666667,3.375,573,0,Train
05/28/2017,18.565,71.75,2.625,597,0,Train
05/29/2017,18.74125,77.08333333,2.208333333,610,0,Train
05/30/2017,18.24583333,77.25,2.166666667,648,1,Train
05/31/2017,17.67708333,80.125,2.208333333,700,1,Train
06/01/2017,18.17208333,75.91666667,1.916666667,647,1,Train
06/02/2017,19.57666667,74.875,2.041666667,711,1,Train
06/03/2017,20.6975,81.45833333,2.333333333,596,0,Train
06/04/2017,19.97916667,84.625,2,466,0,Train
06/05/2017,19.39958333,80.45833333,2.166666667,584,1,Train
06/06/2017,18.9975,79.75,1.875,597,1,Train
06/07/2017,18.58875,83.375,1.916666667,650,1,Train
06/08/2017,18.4675,84.66666667,2.625,580,1,Train
06/09/2017,18.61958333,72.91666667,2.375,656,1,Train
06/10/2017,18.89708333,76.95833333,2.291666667,486,0,Train
06/11/2017,17.9325,70.79166667,2.291666667,446,0,Train
06/12/2017,17.53166667,64.625,2.791666667,621,1,Train
06/13/2017,19.11666667,66.66666667,2.583333333,609,1,Train
06/14/2017,21.45958333,62.16666667,2.25,632,1,Train
06/15/2017,22.77708333,66.91666667,2.041666667,690,1,Train
06/16/2017,23.5825,68.5,2.041666667,658,1,Train
06/17/2017,23.76958333,73.79166667,2.541666667,481,0,Train
06/18/2017,23.27666667,74.58333333,2.208333333,384,0,Train
06/19/2017,23.35125,79.54166667,2.291666667,530,1,Train
06/20/2017,23.8025,85.20833333,2.375,665,1,Train
06/21/2017,24.176,79.125,2.416666667,613,1,Train
06/22/2017,22.05541667,82.125,2.208333333,642,1,Train
06/23/2017,21.19333333,80.91666667,2.458333333,660,1,Train
06/24/2017,20.95083333,83.95833333,2.833333333,475,0,Train
06/25/2017,23.66041667,75.83333333,2.5,445,0,Train
06/26/2017,25.70125,63.83333333,2.166666667,609,1,Train
06/27/2017,25.0903125,55.41666667,2,649,1,Train
06/28/2017,21.93458333,70,2.5,676,1,Train
06/29/2017,20.45958333,73,2.166666667,625,1,Train
06/30/2017,20.26083333,74.83333333,2.083333333,717,1,Train
07/01/2017,20.32708333,83.79166667,2.458333333,509,0,Train
07/02/2017,19.91688672,78.20833333,1.75,459,0,Train
07/03/2017,21.405,75.33333333,1.708333333,469,1,Train
07/04/2017,23.2875,77.79166667,2.666666667,488,0,Train
07/05/2017,23.695,70.95833333,2.5,565,1,Train
07/06/2017,24.28083333,70.66666667,2.083333333,588,1,Train
07/07/2017,26.34,67.625,2,524,1,Train
07/08/2017,27.97208333,53.20833333,1.416666667,422,0,Train
07/09/2017,27.22,62.5,2.666666667,381,0,Train
07/10/2017,26.44329167,67.33333333,1.833333333,514,1,Train
07/11/2017,24.85625,75.625,2.25,582,1,Train
07/12/2017,23.85416667,75.16666667,2.541666667,596,1,Train
07/13/2017,23.685,77.66666667,2.25,594,1,Train
07/14/2017,23.47458333,78.54166667,2.5,798,1,Train
07/15/2017,24.2175,77.625,2.375,620,0,Train
07/16/2017,24.29375,73.25,2.25,681,0,Train
07/17/2017,24.03166667,72.125,1.416666667,800,1,Train
07/18/2017,23.62375,72.375,1.791666667,936,1,Train
07/19/2017,24.0775,71.41666667,1.791666667,865,1,Train
07/20/2017,24.42333333,70.29166667,1.25,857,1,Train
07/21/2017,23.55916667,68.04166667,0.875,825,1,Train
07/22/2017,23.88083333,71.125,1.375,754,0,Train
07/23/2017,23.90875,72.375,1.5,700,0,Train
07/24/2017,22.9675,70.375,1.458333333,803,1,Train
07/25/2017,22.92208333,73.125,1.458333333,825,1,Train
07/26/2017,23.19125,71.79166667,2.125,790,1,Train
07/27/2017,23.62541667,70.54166667,1.166666667,903,1,Train
07/28/2017,23.44375,73.79166667,1.5,855,1,Train
07/29/2017,22.70375,71.375,1.125,703,0,Train
07/30/2017,23.17291667,73.16666667,1.833333333,703,0,Train
07/31/2017,22.45625,80.25,1.625,924,1,Train
08/01/2017,24.36291667,69.875,0.833333333,811,1,Train
08/02/2017,26.86375,61.5,0.875,829,1,Train
08/03/2017,27.35541667,62.33333333,1,879,1,Train
08/04/2017,26.22416667,63.45833333,1.166666667,846,1,Train
08/05/2017,24.22833333,70.04166667,1.333333333,859,0,Train
08/06/2017,23.48375,73.625,1.416666667,679,0,Train
08/07/2017,23.20458333,73.66666667,1.416666667,761,1,Train
08/08/2017,24.11375,70.41666667,1.458333333,804,1,Train
08/09/2017,23.80708333,70.29166667,1.041666667,768,1,Train
08/10/2017,23.9375,71.66666667,1,819,1,Train
08/11/2017,23.80041667,75.125,1.041666667,924,1,Train
08/12/2017,23.34416667,74.91666667,1.041666667,775,0,Train
08/13/2017,22.74833333,74.16666667,1.375,936,0,Train
08/14/2017,22.25208333,74.79166667,1.916666667,809,1,Train
08/15/2017,20.87333333,75.66666667,2.166666667,824,1,Train
08/16/2017,19.80525,68.29166667,1.458333333,809,1,Train
08/17/2017,21.60625,70.41666667,0.833333333,789,1,Train
08/18/2017,22.05375,72.79166667,1.5,780,1,Train
08/19/2017,21.92458333,72.20833333,1.416666667,751,0,Train
08/20/2017,21.71,68.79166667,1.041666667,687,0,Train
08/21/2017,21.78375,69.91666667,1.875,807,1,Train
08/22/2017,22.44541667,71.70833333,1.541666667,771,1,Train
08/23/2017,22.24291667,75.91666667,1.666666667,791,1,Train
08/24/2017,21.16458333,72.875,1.5,725,1,Train
08/25/2017,21.23958333,78.875,1.666666667,799,1,Train
08/26/2017,22.91,76.75,1.541666667,643,0,Train
08/27/2017,23.9225,85.04166667,2.166666667,572,0,Train
08/28/2017,25.13958333,79.79166667,1.583333333,675,1,Train
08/29/2017,27.34333333,63.20833333,0.791666667,749,1,Train
08/30/2017,27.985,56.79166667,0.875,702,1,Train
08/31/2017,29.14333333,49.91666667,1.458333333,680,1,Train
09/01/2017,29.71166667,56.41666667,0.916666667,597,1,Train
09/02/2017,30.18375,45.83333333,1.083333333,566,0,Train
09/03/2017,30.97333333,47.875,1.666666667,529,0,Train
09/04/2017,25.00416667,73.375,2.125,592,0,Train
09/05/2017,23.99583333,74.20833333,1.625,705,1,Train
09/06/2017,24.89625,66.75,1.041666667,749,1,Train
09/07/2017,23.74833333,67.75,1.041666667,861,1,Train
09/08/2017,23.3725,69.16666667,1.208333333,949,1,Train
09/09/2017,22.32041667,69.16666667,1.166666667,862,0,Train
09/10/2017,23.95458333,67.54166667,1.125,804,0,Train
09/11/2017,25.46958333,63.41666667,1.541666667,841,1,Train
09/12/2017,24.39625,75.66666667,2.125,803,1,Train
09/13/2017,21.99166667,74,1.541666667,876,1,Train
09/14/2017,20.2425,67.41666667,1.791666667,902,1,Train
09/15/2017,20.46916667,67.625,1.25,928,1,Train
09/16/2017,20.58916667,70.29166667,1.25,897,0,Train
09/17/2017,20.495,70.95833333,0.833333333,867,0,Train
09/18/2017,19.97208333,74.08333333,1.166666667,780,1,Train
09/19/2017,20.90166667,72.79166667,1.958333333,898,1,Train
09/20/2017,20.58791667,70.41666667,1.5,821,1,Train
09/21/2017,20.20941667,72.45833333,2.708333333,775,1,Train
09/22/2017,17.86541667,60.79166667,1.375,920,1,Train
09/23/2017,17.92916667,61.79166667,1.125,879,0,Train
09/24/2017,19.55083333,57.08333333,0.958333333,745,0,Train
09/25/2017,22.06833333,29.5,1.541666667,826,1,Train
09/26/2017,22.12625,32.5,1.416666667,857,1,Train
09/27/2017,21.56625,66.45833333,1.041666667,858,1,Train
09/28/2017,22.1771875,66.83333333,1.041666667,835,1,Train
09/29/2017,23.20291667,60.625,0.791666667,806,1,Train
09/30/2017,21.94041667,71.66666667,1.416666667,847,0,Train
10/01/2017,20.47708333,72.20833333,2.083333333,785,0,Train
10/02/2017,19.92958333,67.875,1.041666667,804,1,Train
10/03/2017,19.55833333,70.95833333,1.416666667,826,1,Train
10/04/2017,18.66291667,67.45833333,1.416666667,797,1,Train
10/05/2017,19.95708333,54.04166667,1.083333333,787,1,Train
10/06/2017,21.63833333,53.29166667,1.083333333,900,1,Train
10/07/2017,23.9325,28.70833333,0.75,873,0,Train
10/08/2017,21.78458333,63.79166667,1.125,1848,0,Train
10/09/2017,20.79666667,62.54166667,1.875,732,0,Train
10/10/2017,21.42208333,60.20833333,1.25,873,1,Train
10/11/2017,19.82333333,70.875,0.958333333,862,1,Train
10/12/2017,18.9625,72.125,1.041666667,837,1,Train
10/13/2017,18.59208333,77.25,0.75,882,1,Train
10/14/2017,19.77425,68.66666667,0.541666667,834,0,Train
10/15/2017,23.15625,54.54166667,1.416666667,792,0,Train
10/16/2017,24.42666667,24.875,0.708333333,810,1,Train
10/17/2017,24.52208333,28.20833333,0.875,816,1,Train
10/18/2017,24.05291667,48.58333333,0.708333333,867,1,Train
10/19/2017,21.14583333,70.91666667,1.25,852,1,Train
10/20/2017,19.305,73.33333333,1.666666667,905,1,Train
10/21/2017,18.50458333,55,1.125,1026,0,Train
10/22/2017,21.48,35.95833333,0.833333333,840,0,Train
10/23/2017,25.885,28.95833333,1.375,771,1,Train
10/24/2017,30.89583333,19.54166667,2.583333333,744,1,Train
10/25/2017,30.14666667,22.79166667,0.916666667,779,1,Train
10/26/2017,25.28625,25.125,0.916666667,770,1,Train
10/27/2017,22.3075,37.91666667,0.541666667,879,1,Train
10/28/2017,20.40916667,74.33333333,0.75,826,0,Train
10/29/2017,18.63666667,87.91666667,2.041666667,721,0,Train
10/30/2017,18.41916667,76,2.041666667,695,1,Train
10/31/2017,18.12333333,76.125,1.416666667,697,0,Train
11/01/2017,18.235,70.41666667,1.166666667,710,1,Train
11/02/2017,17.61166667,73.5,1.625,768,1,Train
11/03/2017,17.22666667,61.20833333,0.541666667,796,1,Train
11/04/2017,17.17916667,65.20833333,0.791666667,899,0,Train
11/05/2017,17.67875,77.04166667,1.083333333,794,0,Train
11/06/2017,17.07666667,68.45833333,1.083333333,745,1,Train
11/07/2017,18.01333333,66.95833333,0.666666667,810,1,Train
11/08/2017,17.99066667,65.25,0.833333333,780,1,Train
11/09/2017,17.924,78,1.041666667,711,1,Train
11/10/2017,16.94625,76.29166667,1.25,760,1,Train
11/11/2017,15.68791667,74.79166667,1.041666667,742,0,Train
11/12/2017,15.85375,80.70833333,0.958333333,555,0,Train
11/13/2017,15.73166667,75.91666667,0.333333333,697,1,Train
11/14/2017,16.65416667,66.25,0.916666667,767,1,Train
11/15/2017,17.96791667,59.375,1.166666667,744,1,Train
11/16/2017,19.00333333,55.70833333,0.375,785,1,Train
11/17/2017,19.58208333,65.375,0.708333333,780,1,Train
11/18/2017,17.3525,74.5,1.375,788,0,Train
11/19/2017,17.29958333,36.16666667,1.041666667,719,0,Train
11/20/2017,15.82041667,48.875,1.083333333,683,1,Train
11/21/2017,18.97958333,46.41666667,1.041666667,767,1,Train
11/22/2017,22.37833333,30.375,0.916666667,724,1,Train
11/23/2017,23.58916667,26.29166667,1.083333333,545,0,Train
11/24/2017,21.03041667,47.91666667,0.458333333,669,1,Train
11/25/2017,19.87666667,55.83333333,0.458333333,751,0,Train
11/26/2017,17.27416667,86.66666667,0.75,565,0,Train
11/27/2017,16.21458333,77.33333333,2.041666667,615,1,Train
11/28/2017,14.36279167,54.95833333,1.541666667,594,1,Train
11/29/2017,16.07708333,58.45833333,0.791666667,624,1,Train
11/30/2017,15.15833333,68.16666667,0.666666667,695,1,Train
12/01/2017,15.64,71.5,1,706,1,Train
12/02/2017,16.03041667,65.04166667,0.666666667,698,0,Train
12/03/2017,15.49625,77.375,0.458333333,481,0,Train
12/04/2017,14.56916667,72.25,1.333333333,644,1,Train
12/05/2017,15.7364375,15.25,5.541666667,626,1,Train
12/06/2017,16.34166667,22.29166667,1.375,687,1,Train
12/07/2017,18.94125,26.79166667,2.583333333,671,1,Train
12/08/2017,18.04583333,22.25,1.375,631,1,Train
12/09/2017,17.07541667,26.41666667,0.875,680,0,Train
12/10/2017,19.67541667,23.08333333,1.041666667,920,0,Train
12/11/2017,19.415,16.875,0.916666667,659,1,Train
12/12/2017,16.80916667,15.33333333,1.041666667,664,1,Train
12/13/2017,16.67416667,28.16666667,0.666666667,551,1,Train
12/14/2017,15.08375,36.875,1.083333333,651,1,Train
12/15/2017,17.77416667,28.29166667,1.208333333,687,1,Train
12/16/2017,15.50791667,47.79166667,0.958333333,546,0,Train
12/17/2017,14.94291667,49.70833333,2.083333333,595,0,Train
12/18/2017,15.13125,23.5,0.958333333,598,1,Train
12/19/2017,13.0325,47.66666667,0.958333333,755,1,Train
12/20/2017,12.28875,77,0.666666667,516,1,Train
12/21/2017,11.71583333,46.625,2.333333333,554,1,Train
12/22/2017,10.56666667,33.83333333,0.958333333,495,1,Train
12/23/2017,11.39785417,33.875,0.833333333,480,0,Train
12/24/2017,13.36458333,47.375,0.791666667,424,0,Train
12/25/2017,12.16833333,60.04166667,0.583333333,444,0,Train
12/26/2017,11.9475,74.5,0.5,557,1,Train
12/27/2017,13.35958333,68.75,0.75,665,1,Train
12/28/2017,14.8,63.25,1.083333333,624,1,Train
12/29/2017,16.38125,37.5,0.958333333,816,1,Train
12/30/2017,15.23375,61.95833333,0.875,710,0,Train
12/31/2017,13.3725,86.16666667,1.041666667,760,0,Train
01/01/2018,12.93708333,79.20833333,1.125,741,0,Train
01/02/2018,14.9025,78.70833333,1.208333333,733,1,Train
01/03/2018,16.42625,64.16666667,0.791666667,690,1,Train
01/04/2018,16.30125,69.70833333,0.458333333,650,1,Train
01/05/2018,16.905,64.08333333,0.791666667,695,1,Train
01/06/2018,16.45583333,91,1.125,589,0,Train
01/07/2018,16.12333333,83.25,0.958333333,651,0,Train
01/08/2018,17.39,82.83333333,1.041666667,275,1,Train
01/09/2018,14.88916667,88.5,2.625,233,1,Train
01/10/2018,11.97916667,87.20833333,0.791666667,623,1,Train
01/11/2018,13.28416667,80.625,0.625,641,1,Train
01/12/2018,14.74375,79.29166667,0.541666667,708,1,Train
01/13/2018,17.42666667,70.70833333,1,842,0,Train
01/14/2018,20.36666667,30.75,1.041666667,766,0,Train
01/15/2018,16.33916667,49.5,1.25,770,0,Train
01/16/2018,15.215,77.91666667,0.75,703,1,Train
01/17/2018,15.98125,71,0.458333333,705,1,Train
01/18/2018,16.99666667,52.66666667,0.958333333,706,1,Train
01/19/2018,15.82625,80.95833333,1.25,689,1,Train
01/20/2018,13.19541667,58.45833333,2.041666667,877,0,Train
01/21/2018,10.91625,33,1.458333333,644,0,Train
01/22/2018,11.85166667,37.08333333,1.166666667,624,1,Train
01/23/2018,13.8925,38.375,0.833333333,722,1,Train
01/24/2018,15.32916667,30.625,1.25,714,1,Train
01/25/2018,13.26083333,60.83333333,1.291666667,617,1,Train
01/26/2018,12.00416667,47.41666667,0.875,820,1,Train
01/27/2018,13.33958333,35.375,1.25,969,0,Train
01/28/2018,19.05125,27.08333333,1.833333333,805,0,Train
01/29/2018,23.015,28.04166667,1.458333333,676,1,Train
01/30/2018,20.80166667,18.95833333,0.875,759,1,Train
01/31/2018,17.55208333,35.125,0.833333333,652,1,Train
02/01/2018,16.78958333,42.25,1,726,1,Train
02/02/2018,17.56208333,54.54166667,0.75,741,1,Train
02/03/2018,17.56958333,47.75,0.708333333,906,0,Train
02/04/2018,17.54583333,54.91666667,0.416666667,572,0,Train
02/05/2018,17.06958333,68,0.75,723,1,Train
02/06/2018,15.44291667,84.875,1.416666667,754,1,Train
02/07/2018,16.52833333,70.58333333,0.791666667,793,1,Train
02/08/2018,17.54666667,54.20833333,1.083333333,746,1,Train
02/09/2018,17.31166667,61.33333333,1.208333333,694,1,Train
02/10/2018,15.39333333,78.125,1.416666667,748,0,Train
02/11/2018,14.52208333,75.5,1.666666667,789,0,Train
02/12/2018,14.54791667,68.08333333,1.25,625,1,Train
02/13/2018,12.70625,62.66666667,1.75,661,1,Train
02/14/2018,14.80041667,52.875,0.75,638,0,Train
02/15/2018,15.65708333,56.75,1.416666667,704,1,Train
02/16/2018,16.69,36.125,1.625,777,1,Train
02/17/2018,15.45625,33.83333333,0.791666667,844,0,Train
02/18/2018,14.84833333,59.16666667,0.958333333,793,0,Train
02/19/2018,12.64291667,52.29166667,2.75,432,0,Train
02/20/2018,9.352083333,27.25,2.458333333,609,1,Train
02/21/2018,10.20583333,34.16666667,0.958333333,601,1,Train
02/22/2018,10.08916667,46.04166667,1.416666667,627,1,Train
02/23/2018,10.66875,52.70833333,2.375,589,1,Train
02/24/2018,9.855,27.58333333,1.75,589,0,Train
02/25/2018,11.33291667,46.54166667,0.958333333,643,0,Train
02/26/2018,12.55166667,37.95833333,1.5,583,1,Train
02/27/2018,10.68625,70.45833333,1.708333333,592,1,Train
02/28/2018,9.13625,59.75,1.166666667,584,1,Train
03/01/2018,11.02289583,62.08333333,1.333333333,651,1,Train
03/02/2018,12.09125,82.75,1.708333333,238,1,Train
03/03/2018,12.46916667,88.08333333,1.333333333,589,0,Train
03/04/2018,10.50041667,71.875,1.166666667,658,0,Train
03/05/2018,13.08291667,40.33333333,1,772,1,Train
03/06/2018,16.65125,25.20833333,1.625,890,1,Train
03/07/2018,15.94625,25.5,1.125,639,1,Train
03/08/2018,15.55708333,47.33333333,0.333333333,893,1,Train
03/09/2018,16.07083333,66,1.291666667,871,1,Train
03/10/2018,15.04458333,88.41666667,1.666666667,287,0,Train
03/11/2018,14.70333333,93,1.5,688,0,Train
03/12/2018,16.40333333,82.29166667,1.625,794,1,Train
03/13/2018,16.7225,86.95833333,1.666666667,687,1,Train
03/14/2018,15.385,83.20833333,2.166666667,842,1,Train
03/15/2018,14.08125,70.25,2,865,1,Train
03/16/2018,12.79458333,62.70833333,1.708333333,647,1,Train
03/17/2018,12.61958333,76.83333333,1.541666667,786,0,Train
03/18/2018,11.50416667,62.625,1.083333333,630,0,Train
03/19/2018,14.08875,54.5,1.041666667,852,1,Train
03/20/2018,16.17958333,48.20833333,1.166666667,769,1,Train
03/21/2018,15.82916667,64.91666667,1.083333333,468,1,Train
03/22/2018,16.67541667,87.04166667,1.166666667,215,1,Train
03/23/2018,15.13666667,86.375,1.208333333,793,1,Train
03/24/2018,12.92196875,76.04166667,1.083333333,935,0,Train
03/25/2018,13.00869565,69,2.695652174,797,0,Train
03/26/2018,12.69541667,44.04166667,2.041666667,717,1,Train
03/27/2018,15.81125,29.875,3.166666667,912,1,Train
03/28/2018,16.62625,44.04166667,0.666666667,885,1,Train
03/29/2018,16.63645833,71.16666667,1.083333333,817,1,Train
03/30/2018,17.13958333,81.25,1.625,809,0,Train
03/31/2018,16.79,85.625,1.25,754,0,Train
04/01/2018,15.75333333,79.5,1.291666667,619,0,Train
04/02/2018,15.31625,71.20833333,1.5,794,1,Train
04/03/2018,15.97666667,69.70833333,1.375,770,1,Train
04/04/2018,15.56541667,80.625,1.541666667,683,1,Train
04/05/2018,15.45708333,83.5,1.583333333,794,1,Train
04/06/2018,16.21041667,71.83333333,0.958333333,816,1,Train
04/07/2018,17.35916667,75.45833333,1.125,882,0,Train
04/08/2018,17.45541667,73.375,1.125,824,0,Train
04/09/2018,20.20041667,52.83333333,0.75,760,1,Train
04/10/2018,23.14916667,45.66666667,1.458333333,870,1,Train
04/11/2018,20.61208333,56.95833333,0.875,789,1,Train
04/12/2018,16.64125,56.20833333,3.041666667,713,1,Train
04/13/2018,17.51708333,22.5,2.666666667,779,1,Train
04/14/2018,20.005,30.79166667,1.375,824,0,Train
04/15/2018,19.40708333,40.75,1.208333333,620,0,Train
04/16/2018,15.81791667,64.25,1.708333333,680,1,Train
04/17/2018,13.65375,45.79166667,2.791666667,803,1,Train
04/18/2018,16.005,38.79166667,1.333333333,761,1,Train
04/19/2018,13.6825,61.83333333,1.791666667,636,1,Train
04/20/2018,14.64791667,64.5,1.958333333,828,1,Train
04/21/2018,17.76,67.66666667,1.125,877,0,Train
04/22/2018,20.27333333,62.08333333,0.875,1229,0,Train
04/23/2018,18.9365625,76.16666667,1.083333333,809,1,Train
04/24/2018,16.85083333,78.04166667,1.75,831,1,Train
04/25/2018,16.76125,76.45833333,1.291666667,814,1,Train
04/26/2018,16.52,73.16666667,1.166666667,861,1,Train
04/27/2018,15.94208333,73.08333333,1.708333333,852,1,Train
04/28/2018,16.28916667,70.70833333,0.958333333,845,0,Train
04/29/2018,16.30125,65.875,1.791666667,754,0,Train
04/30/2018,15.87375,69.29166667,0.958333333,680,1,Train
05/01/2018,14.08708333,71.125,2.333333333,688,1,Train
05/02/2018,13.553125,71.54166667,1.416666667,774,1,Train
05/03/2018,12.41995833,74.04166667,1.083333333,877,1,Train
05/04/2018,19.76833333,60.83333333,0.916666667,934,1,Train
05/05/2018,22.22925,54,1.041666667,926,0,Train
05/06/2018,21.61041667,57.79166667,1,840,0,Train
05/07/2018,19.306,67.75,0.791666667,799,1,Train
05/08/2018,18.81541667,72.33333333,0.916666667,862,1,Train
05/09/2018,18.99083333,72.70833333,1.291666667,864,1,Train
05/10/2018,18.90333333,74.79166667,1.166666667,906,1,Train
05/11/2018,17.34125,73.54166667,2.625,718,1,Train
05/12/2018,15.6475,78.70833333,2.291666667,657,0,Train
05/13/2018,16.33666667,71.54166667,1.25,658,0,Train
05/14/2018,16.80916667,68.79166667,1.583333333,846,1,Train
05/15/2018,16.8225,68.75,1.375,834,1,Train
05/16/2018,17.1675,66.04166667,1.166666667,780,1,Train
05/17/2018,17.55166667,61.29166667,1.166666667,996,1,Train
05/18/2018,17.09125,70.66666667,1.458333333,864,1,Train
05/19/2018,16.78458333,75.08333333,1.375,709,0,Train
05/20/2018,17.32166667,74.375,1.541666667,639,0,Train
05/21/2018,16.64416667,76.29166667,1.833333333,629,1,Train
05/22/2018,16.50083333,69.58333333,1.583333333,887,1,Train
05/23/2018,16.79375,70.625,1.375,814,1,Train
05/24/2018,16.7025,76.33333333,1.541666667,753,1,Train
05/25/2018,16.77125,69.08333333,1.75,605,1,Train
05/26/2018,16.58833333,66.16666667,1.75,874,0,Train
05/27/2018,17.16625,66.54166667,1.041666667,940,0,Train
05/28/2018,17.04829167,74.16666667,1.041666667,880,0,Train
05/29/2018,18.7025,79.375,1.875,891,1,Train
05/30/2018,17.19416667,81.625,1.958333333,692,1,Train
05/31/2018,18.26333333,71.95833333,1.541666667,838,1,Train
06/01/2018,18.10625,67.04166667,0.666666667,867,0,Train
06/02/2018,20.15827083,64.25,0.958333333,924,0,Train
06/03/2018,21.07625,67.83333333,1.458333333,702,0,Train
06/04/2018,20.27583333,74.41666667,1.583333333,896,1,Train
06/05/2018,18.76875,76.08333333,1.791666667,921,1,Train
06/06/2018,18.83875,73.45833333,1.791666667,884,1,Train
06/07/2018,18.70791667,68.58333333,1.25,838,1,Train
06/08/2018,20.68291667,61.41666667,1.083333333,860,1,Train
06/09/2018,21.91875,65.83333333,1.125,861,0,Train
06/10/2018,21.23333333,60.66666667,0.958333333,820,0,Train
06/11/2018,22.07083333,65.04166667,1.083333333,791,1,Train
06/12/2018,22.72666667,65.45833333,0.916666667,983,1,Train
06/13/2018,21.85875,74.75,0.875,896,1,Train
06/14/2018,21.79291667,72.5,1.125,837,1,Train
06/15/2018,21.86083333,72.16666667,1.625,859,1,Train
06/16/2018,19.73125,70,2.166666667,684,0,Train
06/17/2018,17.69416667,67.33333333,2.291666667,623,0,Train
06/18/2018,18.39083333,65.41666667,1.583333333,817,1,Train
06/19/2018,19.13833333,70.66666667,1.291666667,848,1,Train
06/20/2018,20.02416667,75.66666667,1.458333333,859,1,Train
06/21/2018,20.47375,78.20833333,2.041666667,888,1,Train
06/22/2018,20.82958333,79.125,1.458333333,937,1,Train
06/23/2018,20.26416667,81.58333333,2.041666667,864,0,Train
06/24/2018,19.43333333,71.83333333,2.416666667,700,0,Train
06/25/2018,20.30291667,67.41666667,1.041666667,795,1,Train
06/26/2018,20.94625,72.5,1.416666667,941,1,Train
06/27/2018,21.61833333,71.95833333,1.125,834,1,Train
06/28/2018,21.13041667,70.54166667,1.375,855,1,Train
06/29/2018,20.27333333,66.5,1.791666667,859,1,Train
06/30/2018,20.48166667,66.375,1.625,829,0,Train
07/01/2018,20.71375,68.125,1.541666667,697,0,Train
07/02/2018,21.29125,71.08333333,2.041666667,740,1,Train
07/03/2018,21.3025,71.33333333,1.875,860,1,Train
07/04/2018,21.47083333,63.45833333,1.625,1185,0,Train
07/05/2018,22.93666667,65.75,0.833333333,772,1,Train
07/06/2018,28.84083333,45.20833333,0.916666667,691,1,Train
07/07/2018,32.64958333,36.16666667,2.041666667,643,0,Train
07/08/2018,29.90166667,35.70833333,0.916666667,655,0,Train
07/09/2018,28.18916667,54.91666667,1.083333333,834,1,Train
07/10/2018,26.48666667,60.58333333,0.958333333,885,1,Train
07/11/2018,25.79333333,62.91666667,1.333333333,813,1,Train
07/12/2018,25.62875,63,1.166666667,962,1,Train
07/13/2018,24.97375,72.08333333,1.833333333,985,1,Train
07/14/2018,24.65833333,69.625,1.291666667,993,0,Train
07/15/2018,25.00333333,68.5,1.208333333,994,0,Train
07/16/2018,24.26416667,70.58333333,1.333333333,956,1,Train
07/17/2018,23.65333333,74.5,2.041666667,1055,1,Train
07/18/2018,23.54166667,72.45833333,2.333333333,1034,1,Train
07/19/2018,24.40125,72.29166667,1.416666667,1079,1,Train
07/20/2018,24.02041667,72.41666667,1.791666667,1150,1,Train
07/21/2018,23.7925,67.33333333,1.541666667,971,0,Train
07/22/2018,24.92625,66.95833333,1.458333333,937,0,Train
07/23/2018,26.74458333,59.95833333,1.125,939,1,Train
07/24/2018,27.58583333,58.16666667,0.833333333,971,1,Train
07/25/2018,27.02666667,67.70833333,1.5,951,1,Train
07/26/2018,25.68416667,78.91666667,2,1069,1,Train
07/27/2018,24.57291667,78.41666667,1.791666667,1093,1,Train
07/28/2018,24.99125,75.33333333,2,1130,0,Train
07/29/2018,24.88625,70.5,0.958333333,1007,0,Train
07/30/2018,26.185,70.5,1.083333333,1125,1,Train
07/31/2018,26.76625,60.5,0.958333333,1072,1,Train
08/01/2018,26.55416667,61.125,1.291666667,1141,1,Train
08/02/2018,26.48125,61.04166667,1.166666667,1102,1,Train
08/03/2018,25.9375,65.70833333,1.125,1148,1,Train
08/04/2018,25.71041667,66.20833333,1.125,1150,0,Train
08/05/2018,25.36541667,67.25,1.041666667,1158,0,Train
08/06/2018,26.06416667,68.25,0.875,1029,1,Train
08/07/2018,27.91696875,59,1.458333333,1035,1,Train
08/08/2018,27.92458333,57.66666667,1.458333333,1002,1,Train
08/09/2018,27.87666667,61.04166667,1.083333333,1006,1,Train
08/10/2018,27.48625,60.95833333,0.666666667,1012,1,Train
08/11/2018,27.05791667,51.91666667,1.208333333,1095,0,Train
08/12/2018,25.70083333,70.33333333,2.291666667,974,0,Train
08/13/2018,24.44666667,67.95833333,0.916666667,1055,1,Train
08/14/2018,23.78041667,67.625,1.75,1016,1,Train
08/15/2018,24.11916667,68.125,1.333333333,976,1,Train
08/16/2018,24.5775,69.70833333,1.166666667,1127,1,Train
08/17/2018,25.16541667,74.95833333,1.375,1105,1,Train
08/18/2018,24.81,73.54166667,1.375,1179,0,Train
08/19/2018,24.73791667,71.54166667,1.333333333,1120,0,Train
08/20/2018,24.55291667,73.5,1.583333333,1017,1,Train
08/21/2018,24.12695833,70.5,0.958333333,924,1,Train
08/22/2018,24.42583333,69.91666667,1.583333333,953,1,Train
08/23/2018,24.1375,70.41666667,1.083333333,922,1,Train
08/24/2018,23.23791667,70.04166667,0.958333333,1036,1,Train
08/25/2018,22.68375,68.70833333,1.208333333,1022,0,Train
08/26/2018,22.73166667,71.66666667,1.333333333,977,0,Train
08/27/2018,22.23875,73.5,1.375,925,1,Train
08/28/2018,22.0675,69.41666667,1.083333333,948,1,Train
08/29/2018,23.29541667,69.04166667,0.75,907,1,Train
08/30/2018,23.89708333,61.04166667,0.875,1005,1,Train
08/31/2018,23.55041667,63.33333333,1.041666667,1017,1,Train
09/01/2018,22.83541667,67.625,1.291666667,1151,0,Train
09/02/2018,22.05083333,71.41666667,1.625,1219,0,Train
09/03/2018,22.4675,70.66666667,1.291666667,1112,0,Train
09/04/2018,22.42125,76.08333333,1.333333333,815,1,Train
09/05/2018,21.9425,77.08333333,1.583333333,881,1,Train
09/06/2018,21.5675,77.5,1.583333333,955,1,Train
09/07/2018,22.38291667,74,1.041666667,997,1,Train
09/08/2018,23.83166667,72.33333333,1.833333333,923,0,Train
09/09/2018,24.68125,76.125,1.166666667,845,0,Train
09/10/2018,23.31875,72.375,1.625,947,1,Train
09/11/2018,22.40875,69.91666667,1.166666667,1015,1,Train
09/12/2018,22.0725,69.75,1.333333333,1025,1,Train
09/13/2018,22.48125,73.25,1.208333333,1001,1,Train
09/14/2018,24.03166667,57.29166667,1.166666667,957,1,Train
09/15/2018,24.2675,56,0.75,970,0,Train
09/16/2018,23.29375,59.5,0.666666667,946,0,Train
09/17/2018,22.98916667,54.75,0.75,889,1,Train
09/18/2018,22.11791667,60.04166667,0.791666667,967,1,Train
09/19/2018,21.13416667,68.5,0.791666667,981,1,Train
09/20/2018,21.50666667,69.33333333,1.416666667,983,1,Train
09/21/2018,21.66958333,70.25,1.208333333,1081,1,Train
09/22/2018,22.85416667,72.875,1.625,992,0,Train
09/23/2018,22.55208333,70.20833333,1.208333333,820,0,Train
09/24/2018,20.8175,73.875,1.541666667,935,1,Train
09/25/2018,19.51666667,77.04166667,1.458333333,985,1,Train
09/26/2018,20.71416667,77.04166667,1.625,828,1,Train
09/27/2018,22.22208333,82.04166667,2.291666667,850,1,Train
09/28/2018,21.79333333,82.875,1.666666667,986,1,Train
09/29/2018,21.31166667,69.20833333,1.541666667,929,0,Train
09/30/2018,20.98833333,69.58333333,0.75,1425,0,Train
10/01/2018,24.09208333,61.54166667,1,1024,1,Train
10/02/2018,24.6175,55.20833333,0.625,1031,1,Train
10/03/2018,21.55416667,65.125,1.208333333,1037,1,Train
10/04/2018,20.80541667,74.66666667,1.208333333,982,1,Train
10/05/2018,20.26916667,74.45833333,1.5,1091,1,Train
10/06/2018,20.14208333,74.08333333,1.166666667,867,0,Train
10/07/2018,19.66041667,72.16666667,1.5,948,0,Train
10/08/2018,19.57583333,69.04166667,1.166666667,902,0,Train
10/09/2018,19.71916667,70,1.166666667,957,1,Train
10/10/2018,18.95958333,67.625,1.083333333,857,1,Train
10/11/2018,18.99333333,58.5,0.916666667,905,1,Train
10/12/2018,19.63541667,54.41666667,0.875,914,1,Train
10/13/2018,18.63291667,81.83333333,2.166666667,709,0,Train
10/14/2018,18.41125,76.58333333,1.208333333,705,0,Train
10/15/2018,20.27041667,53.625,3.166666667,849,1,Train
10/16/2018,20.56416667,21.75,2.208333333,902,1,Train
10/17/2018,19.99291667,40.04166667,1.583333333,875,1,Train
10/18/2018,20.33583333,38.29166667,1.041666667,919,1,Train
10/19/2018,22.34458333,38.33333333,1.416666667,963,1,Train
10/20/2018,23.13583333,32.70833333,1.583333333,858,0,Train
10/21/2018,21.58625,49.91666667,1.416666667,802,0,Train
10/22/2018,19.55666667,77.375,0.833333333,902,1,Train
10/23/2018,19.20458333,76.20833333,1.125,946,1,Train
10/24/2018,19.77625,67.29166667,0.625,935,1,Train
10/25/2018,19.8625,78.66666667,0.791666667,832,1,Train
10/26/2018,20.45083333,76.16666667,1.166666667,928,1,Train
10/27/2018,20.85333333,79.91666667,1.291666667,824,0,Train
10/28/2018,19.76291667,80.33333333,0.666666667,799,0,Train
10/29/2018,18.8075,74.375,0.75,870,1,Train
10/30/2018,18.70833333,72.66666667,1.25,850,1,Train
10/31/2018,18.9925,70.16666667,0.958333333,838,0,Train
11/01/2018,19.62041667,44.875,0.791666667,973,1,Train
11/02/2018,21.14416667,44.375,1.041666667,914,1,Train
11/03/2018,21.28083333,52.83333333,0.375,822,0,Train
11/04/2018,20.88333333,63.95833333,0.875,686,0,Train
11/05/2018,19.24375,73.875,0.833333333,799,1,Train
11/06/2018,19.12375,69.58333333,1.166666667,887,1,Train
11/07/2018,18.25541667,76.04166667,0.833333333,783,1,Train
11/08/2018,17.7975,77.20833333,1.083333333,937,1,Train
11/09/2018,20.89833333,43.91666667,2.125,1010,1,Train
11/10/2018,17.76083333,17.25,1.75,782,0,Train
11/11/2018,15.52958333,43.91666667,1,697,0,Train
11/12/2018,17.8025,36.33333333,1.125,806,1,Train
11/13/2018,18.16458333,26.75,1.375,811,1,Train
11/14/2018,19.39833333,22.45833333,0.666666667,857,1,Train
11/15/2018,17.855,24.625,0.875,956,1,Train
11/16/2018,17.28458333,45,0.833333333,840,1,Train
11/17/2018,16.26041667,71.5,0.875,757,0,Train
11/18/2018,16.20561198,65.54166667,0.5,656,0,Train
11/19/2018,11.60870833,48.83333333,0.75,848,1,Train
11/20/2018,15.56833333,63.20833333,0.791666667,804,1,Train
11/21/2018,15.60375,66.625,0.708333333,659,1,Train
11/22/2018,16.6875,78.75,1.083333333,388,0,Train
11/23/2018,15.39375,74.375,1.166666667,566,1,Train
11/24/2018,15.94833333,72.625,0.791666667,611,0,Train
11/25/2018,16.41666667,73.45833333,1.041666667,576,0,Train
11/26/2018,16.43891667,52.375,1.291666667,747,1,Train
11/27/2018,17.34708333,31.29166667,1.291666667,794,1,Train
11/28/2018,15.76125,66.70833333,0.458333333,730,1,Train
11/29/2018,15.82625,80.08333333,1.833333333,392,1,Train
11/30/2018,14.19041667,82.04166667,1.541666667,759,1,Train
12/01/2018,13.51541667,54.58333333,1.375,596,0,Train
12/02/2018,13.47083333,48.125,1.416666667,1621,0,Train
12/03/2018,13.02,39.66666667,0.958333333,675,1,Train
12/04/2018,14.32791667,39.54166667,1.416666667,752,1,Train
12/05/2018,12.98166667,43.375,1.375,452,1,Train
12/06/2018,12.14625,86.25,2.708333333,296,1,Train
12/07/2018,13.4225,68.66666667,1.25,740,1,Train
12/08/2018,14.51083333,60.70833333,0.791666667,574,0,Train
12/09/2018,14.725,60.45833333,0.916666667,571,0,Train
12/10/2018,14.97145833,57.625,0.916666667,567,1,Train
12/11/2018,14.52166667,67.16666667,0.583333333,686,1,Train
12/12/2018,13.77083333,76.41666667,0.916666667,651,1,Train
12/13/2018,14.30333333,66.04166667,0.791666667,686,1,Train
12/14/2018,15.4375,32.66666667,0.875,742,1,Train
12/15/2018,14.7875,45.79166667,0.958333333,677,0,Train
12/16/2018,13.91416667,64.29166667,1.083333333,596,0,Train
12/17/2018,14.82375,80.45833333,0.625,668,1,Train
12/18/2018,15.275,81.375,0.75,677,1,Train
12/19/2018,14.8525,72.79166667,0.666666667,651,1,Train
12/20/2018,15.12916667,67.375,0.833333333,736,1,Train
12/21/2018,15.61958333,71.45833333,0.458333333,720,1,Train
12/22/2018,14.17416667,80.91666667,0.416666667,518,0,Train
12/23/2018,13.7425,86.29166667,0.875,485,0,Train
12/24/2018,14.67083333,83.5,0.583333333,528,1,Train
12/25/2018,15.455,68.25,1.25,473,0,Train
12/26/2018,13.66625,49.70833333,0.958333333,605,1,Train
12/27/2018,13.26416667,61.20833333,1.208333333,625,1,Train
12/28/2018,12.33333333,25.95833333,2.625,690,1,Train
12/29/2018,9.872083333,32.54166667,1.083333333,612,0,Train
12/30/2018,10.84958333,45.625,0.875,639,0,Train
12/31/2018,12.45541667,66.58333333,0.708333333,592,1,Train
01/01/2019,11.77375,28.5,3.083333333,486,0,Test
01/02/2019,9.84875,33.875,1.25,647,1,Test
01/03/2019,10.8575,37.79166667,0.833333333,703,1,Test
01/04/2019,11.49166667,48.83333333,1.75,766,1,Test
01/05/2019,11.85458333,62.58333333,0.833333333,266,0,Test
01/06/2019,11.63333333,78.625,1.333333333,368,0,Test
01/07/2019,12.47791667,80.75,1.583333333,457,1,Test
01/08/2019,13.81208333,70.41666667,0.791666667,723,1,Test
01/09/2019,13.45541667,71.54166667,0.541666667,754,1,Test
01/10/2019,13.36791667,78.45833333,0.583333333,734,1,Test
01/11/2019,12.98208333,81.625,0.875,711,1,Test
01/12/2019,12.63125,81.04166667,1.416666667,455,0,Test
01/13/2019,11.12541667,68.45833333,0.958333333,546,0,Test
01/14/2019,12.53458333,65.04166667,2.25,229,1,Test
01/15/2019,11.91291667,76.625,1.791666667,357,1,Test
01/16/2019,12.85875,88.25,2.666666667,222,1,Test
01/17/2019,15.35916667,94.54166667,1.583333333,334,1,Test
01/18/2019,14.29,86.125,0.291666667,744,1,Test
01/19/2019,15.07625,69.16666667,0.625,778,0,Test
01/20/2019,16.49729167,54.375,0.791666667,508,0,Test
01/21/2019,14.69958333,63.04166667,1.791666667,539,0,Test
01/22/2019,12.74875,35.95833333,2.5,666,1,Test
01/23/2019,12.98333333,35.95833333,1,696,1,Test
01/24/2019,13.99916667,48.45833333,0.541666667,714,1,Test
01/25/2019,16.13291667,39.41666667,0.958333333,883,1,Test
01/26/2019,18.26333333,36.375,1.083333333,782,0,Test
01/27/2019,16.96,35.41666667,1,754,0,Test
01/28/2019,15.29166667,48.70833333,0.666666667,700,1,Test
01/29/2019,16.52666667,65.16666667,0.541666667,751,1,Test
01/30/2019,15.14125,77.375,0.833333333,755,1,Test
01/31/2019,13.97833333,81.875,1.041666667,558,1,Test
02/01/2019,12.09416667,75.5,1.208333333,824,1,Test
02/02/2019,13.64416667,81.58333333,2.958333333,196,0,Test
02/03/2019,11.53583333,89.625,2.041666667,205,0,Test
02/04/2019,11.82366667,88.125,2.291666667,387,1,Test
02/05/2019,10.94375,70.875,3.166666667,489,1,Test
02/06/2019,8.642916667,42.875,3,630,1,Test
02/07/2019,9.113333333,39.625,1.5,715,1,Test
02/08/2019,10.33875,46.125,0.958333333,751,1,Test
02/09/2019,10.46291667,66.33333333,1.208333333,583,0,Test
02/10/2019,10.35208333,74.83333333,0.916666667,309,0,Test
02/11/2019,8.947083333,47.66666667,1.625,641,1,Test
02/12/2019,10.56916667,47.45833333,1.041666667,644,1,Test
02/13/2019,13.08916667,43.54166667,1.166666667,459,1,Test
02/14/2019,13.17333333,87.5,2.708333333,476,0,Test
02/15/2019,11.98166667,76.25,0.708333333,619,1,Test
02/16/2019,10.86833333,69.5,1.375,636,0,Test
02/17/2019,10.3575,62.79166667,1.458333333,394,0,Test
02/18/2019,9.152083333,46.29166667,1.416666667,500,0,Test
02/19/2019,8.440416667,40,1.375,826,1,Test
02/20/2019,8.89625,57.5,1.083333333,652,1,Test
02/21/2019,9.392083333,72,1.208333333,668,1,Test
02/22/2019,7.882083333,52.45833333,1.583333333,769,1,Test
02/23/2019,9.8175,41.125,1.541666667,650,0,Test
02/24/2019,11.44333333,53.04166667,0.916666667,634,0,Test
02/25/2019,12.715,60.70833333,0.708333333,557,1,Test
02/26/2019,12.80208333,75.20833333,0.791666667,618,1,Test
02/27/2019,13.65708333,73,0.666666667,587,1,Test
02/28/2019,14.98208333,77.5,1.041666667,633,1,Test
03/01/2019,15.29916667,79.95833333,0.833333333,735,1,Test
03/02/2019,14.41375,85.70833333,1.375,287,0,Test
03/03/2019,14.615,87,1.041666667,819,0,Test
03/04/2019,13.985,77.25,1.083333333,659,1,Test
03/05/2019,13.11875,70.75,1.083333333,609,1,Test
03/06/2019,14.31875,82.20833333,1.291666667,242,1,Test
03/07/2019,13.94208333,82.66666667,0.833333333,612,1,Test
03/08/2019,12.43208333,63.75,1.291666667,603,1,Test
03/09/2019,11.9175,64.20833333,1.75,429,0,Test
03/10/2019,11.52291667,61.08333333,1.166666667,545,0,Test
03/11/2019,12.27416667,64.16666667,0.833333333,656,1,Test
03/12/2019,15.93833333,48.79166667,1.958333333,676,1,Test
03/13/2019,14.77916667,57.125,1.833333333,591,1,Test
03/14/2019,14.95625,39.5,1.333333333,650,1,Test
03/15/2019,16.115,29.79166667,1.208333333,756,1,Test
03/16/2019,18.47916667,24.25,2.291666667,566,0,Test
03/17/2019,19.61125,30.33333333,1.083333333,608,0,Test
03/18/2019,19.05708333,47.54166667,1.208333333,683,1,Test
03/19/2019,15.98083333,69.54166667,0.958333333,695,1,Test
03/20/2019,15.32041667,70.20833333,1.708333333,683,1,Test
03/21/2019,13.11833333,69.08333333,0.833333333,625,1,Test
03/22/2019,12.76083333,67.95833333,1,663,1,Test
03/23/2019,13.7425,68.79166667,1.083333333,573,0,Test
03/24/2019,14.43583333,74.29166667,0.708333333,607,0,Test
03/25/2019,15.39208333,69.54166667,2.041666667,659,1,Test
03/26/2019,15.17208333,69.66666667,2.5,713,1,Test
03/27/2019,15.04666667,79.08333333,3.625,710,1,Test
03/28/2019,15.2325,77.95833333,4.041666667,758,1,Test
03/29/2019,14.84541667,62.625,4.208333333,641,1,Test
03/30/2019,16.685,58.125,2.708333333,541,0,Test
03/31/2019,19.43434783,39.08695652,2.347826087,500,0,Test
04/01/2019,20.36958333,38.04166667,2.75,564,0,Test
04/02/2019,17.34389583,69.75,2.708333333,660,1,Test
04/03/2019,15.22041667,71.58333333,3.291666667,678,1,Test
04/04/2019,14.53541667,74.25,2.666666667,574,1,Test
04/05/2019,14.52708333,65.20833333,2.166666667,613,1,Test
04/06/2019,15.45166667,75.20833333,3.25,458,0,Test
04/07/2019,17.28458333,74.29166667,1.833333333,486,0,Test
04/08/2019,20.94,63.625,2.125,562,1,Test
04/09/2019,19.81625,69.70833333,3.5,605,1,Test
04/10/2019,18.52666667,30.20833333,7.041666667,599,1,Test
04/11/2019,17.95375,39.29166667,4.125,638,1,Test
04/12/2019,16.75833333,51.25,5.291666667,532,1,Test
04/13/2019,17.27583333,65.54166667,3.375,494,0,Test
04/14/2019,17.01041667,72.5,2.458333333,432,0,Test
04/15/2019,14.86166667,80.41666667,3.458333333,549,1,Test
04/16/2019,14.50375,68.79166667,2.125,518,1,Test
04/17/2019,15.54625,67.25,1.375,686,1,Test
04/18/2019,18.645,63.83333333,1.75,585,1,Test
04/19/2019,18.33375,74.04166667,1.375,553,1,Test
04/20/2019,15.04166667,74.16666667,1.166666667,406,0,Test
04/21/2019,14.94875,70.625,1.875,322,0,Test
04/22/2019,15.43875,68.91666667,1.333333333,679,1,Test
04/23/2019,18.07291667,71,1.5,551,1,Test
04/24/2019,18.48208333,72.41666667,1.791666667,481,1,Test
04/25/2019,18.01791667,75.125,1.458333333,553,1,Test
04/26/2019,17.09958333,76.45833333,1.25,543,1,Test
04/27/2019,15.79958333,76.79166667,1.583333333,415,0,Test
04/28/2019,16.00166667,73.70833333,1.708333333,544,0,Test
04/29/2019,15.54041667,73.79166667,1.958333333,506,1,Test
04/30/2019,15.16166667,72.08333333,1.375,456,1,Test
05/01/2019,15.17833333,63.75,1.708333333,513,1,Test
05/02/2019,15.78875,73.75,1.416666667,545,1,Test
05/03/2019,16.72375,72.58333333,1.416666667,597,1,Test
05/04/2019,17.21958333,69.54166667,1.5,488,0,Test
05/05/2019,16.61,69.16666667,1.5,428,0,Test
05/06/2019,15.80958333,70.70833333,1.5,551,1,Test
05/07/2019,15.6375,70.25,1.458333333,444,1,Test
05/08/2019,15.85875,69.83333333,1.791666667,539,1,Test
05/09/2019,15.81416667,69.41666667,1.25,553,1,Test
05/10/2019,15.955,70.16666667,1.25,521,1,Test
05/11/2019,16.9675,68.20833333,1.666666667,493,0,Test
05/12/2019,17.85833333,70.875,1.458333333,408,0,Test
05/13/2019,17.55,75.625,1.666666667,520,1,Test
05/14/2019,18.01291667,73.25,1.375,587,1,Test
05/15/2019,16.99625,75.375,2.25,594,1,Test
05/16/2019,16.07,72.20833333,5.791666667,466,1,Test
05/17/2019,15.62083333,60.625,5.625,595,1,Test
05/18/2019,16.14916667,68.91666667,3.833333333,469,0,Test
05/19/2019,14.08125,75.58333333,4.25,304,0,Test
05/20/2019,15.05333333,69.08333333,5.833333333,554,1,Test
05/21/2019,15.42,70.58333333,4.875,528,1,Test
05/22/2019,15.06,60.625,5.416666667,505,1,Test
05/23/2019,14.19625,69.16666667,3.583333333,457,1,Test
05/24/2019,15.37416667,68.75,3.25,510,1,Test
05/25/2019,16.05875,74.08333333,3.708333333,564,0,Test
05/26/2019,14.74875,70.83333333,3.541666667,282,0,Test
05/27/2019,13.35166667,68.25,4.291666667,497,0,Test
05/28/2019,15.33625,66.83333333,2.833333333,595,1,Test
05/29/2019,17.32916667,70.45833333,3.125,575,1,Test
05/30/2019,17.84083333,74.33333333,1.958333333,663,1,Test
05/31/2019,17.13875,74.33333333,1.541666667,718,1,Test
06/01/2019,16.48583333,74.20833333,1.625,577,0,Test
06/02/2019,16.54666667,72.58333333,1.583333333,499,0,Test
06/03/2019,17.06625,69.54166667,2.083333333,640,1,Test
06/04/2019,17.27666667,71.70833333,1.5,678,1,Test
06/05/2019,18.37458333,74.75,1.208333333,658,1,Test
06/06/2019,18.8875,74.125,1.125,708,1,Test
06/07/2019,18.22,74.54166667,1.5,754,1,Test
06/08/2019,18.89083333,69.5,1.791666667,745,0,Test
06/09/2019,20.59708333,67.70833333,1.458333333,715,0,Test
06/10/2019,23.34875,66.04166667,1.458333333,730,1,Test
06/11/2019,24.68208333,62.54166667,1.333333333,796,1,Test
06/12/2019,22.92875,68.25,1.333333333,790,1,Test
06/13/2019,19.50333333,73.66666667,1.625,798,1,Test
06/14/2019,18.12958333,70.125,1.833333333,805,1,Test
06/15/2019,18.5375,69.20833333,1.666666667,684,0,Test
06/16/2019,18.48916667,71.58333333,1.625,630,0,Test
06/17/2019,18.13791667,74.25,1.875,840,1,Test
06/18/2019,18.35125,74.08333333,2.916666667,788,1,Test
06/19/2019,19.27625,72.04166667,3.208333333,880,1,Test
06/20/2019,18.68166667,73.16666667,3.416666667,914,1,Test
06/21/2019,17.98875,75.04166667,3,911,1,Test
06/22/2019,18.68791667,72,4.708333333,833,0,Test
06/23/2019,19.14708333,74.41666667,3.75,821,0,Test
06/24/2019,19.64972266,79.04166667,2.208333333,916,1,Test
06/25/2019,17.66998177,77.54166667,1.541666667,850,1,Test
06/26/2019,18.41083333,78.625,3.416666667,820,1,Test
06/27/2019,19.08666667,75.625,3.25,925,1,Test
06/28/2019,19.95666667,71.91666667,3.333333333,876,1,Test
06/29/2019,20.84083333,75.375,3.083333333,689,0,Test
